{"_id":"5c96eac79cf19aced99a3903 - transformed","index":0,"guid":"1566ad47e-8f9a-430b-8aa1-63e3d4e5d83d - transformed","name":"Franco Wade - transformed"}
{"_id":"5c96eac79cf19aced99a3903 - transformed","index":0,"guid":"2566ad47e-8f9a-430b-8aa1-63e3d4e5d83d - transformed","name":"Franco Wade - transformed"}
{"_id":"5c96eac79cf19aced99a3903 - transformed","index":0,"guid":"3566ad47e-8f9a-430b-8aa1-63e3d4e5d83d - transformed","name":"Franco Wade - transformed"}
{"_id":"5c96eac79cf19aced99a3903 - transformed","index":0,"guid":"4566ad47e-8f9a-430b-8aa1-63e3d4e5d83d - transformed","name":"Franco Wade - transformed"}
{"_id":"5c96eac79cf19aced99a3903 - transformed","index":0,"guid":"5566ad47e-8f9a-430b-8aa1-63e3d4e5d83d - transformed","name":"Franco Wade - transformed"}
{"_id":"5c96eac79cf19aced99a3903 - transformed","index":0,"guid":"6566ad47e-8f9a-430b-8aa1-63e3d4e5d83d - transformed","name":"Franco Wade - transformed"}
{"_id":"5c96eac79cf19aced99a3903 - transformed","index":0,"guid":"7566ad47e-8f9a-430b-8aa1-63e3d4e5d83d - transformed","name":"Franco Wade - transformed"}
{"_id":"5c96eac79cf19aced99a3903 - transformed","index":0,"guid":"8566ad47e-8f9a-430b-8aa1-63e3d4e5d83d - transformed","name":"Franco Wade - transformed"}
{"_id":"5c96eac79cf19aced99a3903 - transformed","index":0,"guid":"9566ad47e-8f9a-430b-8aa1-63e3d4e5d83d - transformed","name":"Franco Wade - transformed"}
{"_id":"5c96eac79cf19aced99a3903 - transformed","index":0,"guid":"10566ad47e-8f9a-430b-8aa1-63e3d4e5d83d - transformed","name":"Franco Wade - transformed"}